model	RMSD	pLDDT
kaibtv4_local10_1_0r	1.986	63.214
kaibtv4_local10_1_10r	1.850	78.522
kaibtv4_local10_1_11r	1.856	78.847
kaibtv4_local10_1_12r	1.865	78.920
kaibtv4_local10_1_1r	1.990	72.354
kaibtv4_local10_1_2r	1.977	76.116
kaibtv4_local10_1_3r	1.927	73.852
kaibtv4_local10_1_4r	1.941	76.462
kaibtv4_local10_1_5r	1.907	77.533
kaibtv4_local10_1_6r	1.891	78.726
kaibtv4_local10_1_7r	1.892	78.595
kaibtv4_local10_1_8r	1.932	79.389
kaibtv4_local10_1_9r	1.843	78.828
kaibtv4_local10_2_0r	2.162	63.611
kaibtv4_local10_2_10r	1.843	78.322
kaibtv4_local10_2_11r	1.828	79.279
kaibtv4_local10_2_1r	2.133	73.188
kaibtv4_local10_2_2r	1.872	76.181
kaibtv4_local10_2_3r	1.942	78.542
kaibtv4_local10_2_4r	1.914	78.818
kaibtv4_local10_2_5r	1.883	79.276
kaibtv4_local10_2_6r	1.865	79.097
kaibtv4_local10_2_7r	1.867	79.164
kaibtv4_local10_2_8r	1.863	78.779
kaibtv4_local10_2_9r	1.848	79.084
kaibtv4_local10_3_0r	2.234	60.401
kaibtv4_local10_3_10r	1.641	84.720
kaibtv4_local10_3_11r	1.684	84.938
kaibtv4_local10_3_1r	1.771	78.928
kaibtv4_local10_3_2r	1.614	80.947
kaibtv4_local10_3_3r	1.727	82.951
kaibtv4_local10_3_4r	1.601	82.056
kaibtv4_local10_3_5r	1.725	82.798
kaibtv4_local10_3_6r	1.683	84.491
kaibtv4_local10_3_7r	1.707	83.757
kaibtv4_local10_3_8r	1.670	83.978
kaibtv4_local10_3_9r	1.710	84.258
kaibtv4_local10_4_0r	3.408	57.647
kaibtv4_local10_4_10r	1.723	86.334
kaibtv4_local10_4_11r	1.735	86.699
kaibtv4_local10_4_1r	2.043	61.404
kaibtv4_local10_4_2r	1.558	70.594
kaibtv4_local10_4_3r	1.696	82.764
kaibtv4_local10_4_4r	1.695	82.464
kaibtv4_local10_4_5r	1.721	84.537
kaibtv4_local10_4_6r	1.751	86.572
kaibtv4_local10_4_7r	1.738	86.343
kaibtv4_local10_4_8r	1.759	87.035
kaibtv4_local10_4_9r	1.742	86.886
kaibtv4_local10_5_0r	2.565	56.151
kaibtv4_local10_5_10r	1.916	80.373
kaibtv4_local10_5_11r	1.913	80.832
kaibtv4_local10_5_12r	1.922	80.811
kaibtv4_local10_5_1r	1.895	65.217
kaibtv4_local10_5_2r	1.898	76.480
kaibtv4_local10_5_3r	1.904	77.130
kaibtv4_local10_5_4r	1.901	78.442
kaibtv4_local10_5_5r	1.914	79.127
kaibtv4_local10_5_6r	1.923	80.918
kaibtv4_local10_5_7r	1.918	80.665
kaibtv4_local10_5_8r	1.923	80.866
kaibtv4_local10_5_9r	1.917	80.437
kaibtv4_single_seq_1_0r	6.800	48.143
kaibtv4_single_seq_1_10r	6.798	63.805
kaibtv4_single_seq_1_11r	6.789	64.092
kaibtv4_single_seq_1_12r	6.799	64.085
kaibtv4_single_seq_1_1r	6.647	56.743
kaibtv4_single_seq_1_2r	6.894	58.924
kaibtv4_single_seq_1_3r	6.898	60.585
kaibtv4_single_seq_1_4r	6.881	60.970
kaibtv4_single_seq_1_5r	6.864	61.996
kaibtv4_single_seq_1_6r	6.840	62.649
kaibtv4_single_seq_1_7r	6.828	62.821
kaibtv4_single_seq_1_8r	6.805	63.258
kaibtv4_single_seq_1_9r	6.809	63.570
kaibtv4_single_seq_2_0r	5.777	49.835
kaibtv4_single_seq_2_10r	3.562	59.712
kaibtv4_single_seq_2_11r	3.537	60.114
kaibtv4_single_seq_2_12r	3.529	60.462
kaibtv4_single_seq_2_1r	6.207	54.746
kaibtv4_single_seq_2_2r	4.727	52.580
kaibtv4_single_seq_2_3r	4.828	53.203
kaibtv4_single_seq_2_4r	3.563	56.371
kaibtv4_single_seq_2_5r	3.663	58.820
kaibtv4_single_seq_2_6r	3.586	58.769
kaibtv4_single_seq_2_7r	3.597	58.984
kaibtv4_single_seq_2_8r	3.589	59.070
kaibtv4_single_seq_2_9r	3.566	59.569
kaibtv4_single_seq_3_0r	5.270	51.086
kaibtv4_single_seq_3_10r	3.560	81.555
kaibtv4_single_seq_3_11r	3.584	81.456
kaibtv4_single_seq_3_12r	3.580	81.521
kaibtv4_single_seq_3_1r	2.699	59.251
kaibtv4_single_seq_3_2r	3.217	67.607
kaibtv4_single_seq_3_3r	3.465	76.298
kaibtv4_single_seq_3_4r	3.534	79.372
kaibtv4_single_seq_3_5r	3.545	80.518
kaibtv4_single_seq_3_6r	3.541	80.996
kaibtv4_single_seq_3_7r	3.567	81.174
kaibtv4_single_seq_3_8r	3.552	81.371
kaibtv4_single_seq_3_9r	3.574	81.462
kaibtv4_single_seq_4_0r	6.030	57.985
kaibtv4_single_seq_4_10r	6.158	64.410
kaibtv4_single_seq_4_11r	6.160	64.081
kaibtv4_single_seq_4_12r	6.169	64.025
kaibtv4_single_seq_4_1r	6.052	61.522
kaibtv4_single_seq_4_2r	5.890	62.645
kaibtv4_single_seq_4_3r	5.914	64.644
kaibtv4_single_seq_4_4r	5.954	64.704
kaibtv4_single_seq_4_5r	5.990	65.128
kaibtv4_single_seq_4_6r	6.027	64.887
kaibtv4_single_seq_4_7r	6.077	64.869
kaibtv4_single_seq_4_8r	6.083	64.431
kaibtv4_single_seq_4_9r	6.122	64.624
kaibtv4_single_seq_5_0r	9.579	53.394
kaibtv4_single_seq_5_10r	2.542	63.716
kaibtv4_single_seq_5_11r	2.576	65.707
kaibtv4_single_seq_5_12r	2.581	67.162
kaibtv4_single_seq_5_1r	6.735	54.049
kaibtv4_single_seq_5_2r	4.299	53.569
kaibtv4_single_seq_5_3r	3.156	53.755
kaibtv4_single_seq_5_4r	2.860	54.521
kaibtv4_single_seq_5_5r	2.595	55.143
kaibtv4_single_seq_5_6r	2.313	55.880
kaibtv4_single_seq_5_7r	2.276	56.940
kaibtv4_single_seq_5_8r	2.324	58.785
kaibtv4_single_seq_5_9r	2.476	62.211
scramble_0_1_0r	3.142	60.450
scramble_0_1_10r	3.940	64.479
scramble_0_1_11r	3.991	65.164
scramble_0_1_12r	4.088	65.665
scramble_0_1_1r	4.188	55.066
scramble_0_1_2r	3.664	56.388
scramble_0_1_3r	3.451	54.939
scramble_0_1_4r	3.045	57.776
scramble_0_1_5r	3.470	56.021
scramble_0_1_6r	3.154	58.907
scramble_0_1_7r	4.104	58.778
scramble_0_1_8r	3.934	62.006
scramble_0_1_9r	3.881	63.697
scramble_0_2_0r	4.620	59.134
scramble_0_2_10r	4.356	62.074
scramble_0_2_11r	1.950	64.978
scramble_0_2_12r	1.733	76.622
scramble_0_2_1r	5.172	56.266
scramble_0_2_2r	4.485	55.553
scramble_0_2_3r	4.862	56.605
scramble_0_2_4r	4.708	58.916
scramble_0_2_5r	4.396	57.949
scramble_0_2_6r	4.807	59.988
scramble_0_2_7r	4.245	59.298
scramble_0_2_8r	4.532	62.610
scramble_0_2_9r	4.122	60.521
scramble_0_3_0r	3.855	58.013
scramble_0_3_10r	1.596	82.784
scramble_0_3_11r	1.545	83.082
scramble_0_3_12r	1.624	83.910
scramble_0_3_1r	4.336	55.855
scramble_0_3_2r	3.811	60.145
scramble_0_3_3r	3.767	60.216
scramble_0_3_4r	3.793	62.314
scramble_0_3_5r	3.495	61.707
scramble_0_3_6r	1.995	64.347
scramble_0_3_7r	1.581	76.091
scramble_0_3_8r	1.541	79.820
scramble_0_3_9r	1.486	81.896
scramble_0_4_0r	4.465	58.073
scramble_0_4_10r	1.621	85.176
scramble_0_4_11r	1.669	85.820
scramble_0_4_12r	1.652	85.737
scramble_0_4_1r	4.322	55.628
scramble_0_4_2r	2.053	63.168
scramble_0_4_3r	1.582	75.006
scramble_0_4_4r	1.596	77.901
scramble_0_4_5r	1.586	80.060
scramble_0_4_6r	1.645	81.647
scramble_0_4_7r	1.675	82.435
scramble_0_4_8r	1.671	83.493
scramble_0_4_9r	1.661	84.677
scramble_0_5_0r	3.528	56.574
scramble_0_5_10r	1.625	85.562
scramble_0_5_11r	1.641	85.556
scramble_0_5_12r	1.624	86.099
scramble_0_5_1r	4.333	56.201
scramble_0_5_2r	2.054	58.975
scramble_0_5_3r	1.463	72.352
scramble_0_5_4r	1.450	74.436
scramble_0_5_5r	1.555	74.507
scramble_0_5_6r	1.648	82.727
scramble_0_5_7r	1.621	83.740
scramble_0_5_8r	1.641	83.788
scramble_0_5_9r	1.641	85.295
scramble_1_1_0r	6.082	57.818
scramble_1_1_10r	4.663	64.698
scramble_1_1_11r	4.668	64.575
scramble_1_1_12r	4.587	64.278
scramble_1_1_1r	4.230	58.872
scramble_1_1_2r	4.141	58.697
scramble_1_1_3r	4.275	60.564
scramble_1_1_4r	4.382	60.601
scramble_1_1_5r	4.448	60.884
scramble_1_1_6r	4.371	62.291
scramble_1_1_7r	4.433	63.088
scramble_1_1_8r	4.484	63.807
scramble_1_1_9r	4.467	64.434
scramble_1_2_0r	5.897	57.361
scramble_1_2_10r	5.567	65.678
scramble_1_2_11r	5.553	66.195
scramble_1_2_12r	5.509	65.924
scramble_1_2_1r	5.112	59.658
scramble_1_2_2r	4.793	59.232
scramble_1_2_3r	5.090	61.100
scramble_1_2_4r	5.172	61.812
scramble_1_2_5r	5.215	62.547
scramble_1_2_6r	5.246	62.826
scramble_1_2_7r	5.388	63.578
scramble_1_2_8r	5.517	64.834
scramble_1_2_9r	5.521	65.317
scramble_1_3_0r	5.962	59.246
scramble_1_3_10r	1.420	80.045
scramble_1_3_11r	1.457	80.048
scramble_1_3_12r	1.410	79.668
scramble_1_3_1r	4.686	56.667
scramble_1_3_2r	5.987	57.228
scramble_1_3_3r	3.964	63.094
scramble_1_3_4r	1.810	65.139
scramble_1_3_5r	1.665	77.281
scramble_1_3_6r	1.444	78.842
scramble_1_3_7r	1.572	78.742
scramble_1_3_8r	1.436	79.656
scramble_1_3_9r	1.554	79.485
scramble_1_4_0r	6.260	59.824
scramble_1_4_10r	1.682	85.848
scramble_1_4_11r	1.667	86.142
scramble_1_4_12r	1.696	86.119
scramble_1_4_1r	4.465	57.290
scramble_1_4_2r	1.484	68.868
scramble_1_4_3r	1.799	82.141
scramble_1_4_4r	1.632	80.983
scramble_1_4_5r	1.754	84.209
scramble_1_4_6r	1.697	84.541
scramble_1_4_7r	1.706	84.693
scramble_1_4_8r	1.711	86.069
scramble_1_4_9r	1.695	85.881
scramble_1_5_0r	6.709	54.529
scramble_1_5_10r	1.649	86.823
scramble_1_5_11r	1.649	86.694
scramble_1_5_12r	1.637	86.580
scramble_1_5_1r	4.333	57.540
scramble_1_5_2r	1.763	60.692
scramble_1_5_3r	1.804	83.211
scramble_1_5_4r	1.577	82.786
scramble_1_5_5r	1.689	84.557
scramble_1_5_6r	1.654	85.770
scramble_1_5_7r	1.662	85.673
scramble_1_5_8r	1.624	86.140
scramble_1_5_9r	1.648	86.446
scramble_2_1_0r	5.269	56.243
scramble_2_1_10r	4.253	65.907
scramble_2_1_11r	4.257	68.304
scramble_2_1_12r	4.368	66.939
scramble_2_1_1r	5.136	57.751
scramble_2_1_2r	5.180	56.079
scramble_2_1_3r	5.227	57.310
scramble_2_1_4r	5.150	58.637
scramble_2_1_5r	5.095	59.941
scramble_2_1_6r	5.521	60.758
scramble_2_1_7r	4.546	64.031
scramble_2_1_8r	4.048	66.702
scramble_2_1_9r	4.204	66.552
scramble_2_2_0r	5.174	54.495
scramble_2_2_10r	4.234	61.084
scramble_2_2_11r	4.196	61.361
scramble_2_2_12r	4.350	60.900
scramble_2_2_1r	5.104	56.322
scramble_2_2_2r	4.949	56.606
scramble_2_2_3r	5.063	54.610
scramble_2_2_4r	4.953	56.269
scramble_2_2_5r	3.452	53.734
scramble_2_2_6r	3.878	57.016
scramble_2_2_7r	3.779	59.572
scramble_2_2_8r	3.796	59.672
scramble_2_2_9r	4.043	60.197
scramble_2_3_0r	2.248	62.832
scramble_2_3_10r	7.463	63.149
scramble_2_3_11r	7.378	62.768
scramble_2_3_12r	7.516	61.315
scramble_2_3_1r	4.802	59.723
scramble_2_3_2r	4.748	60.097
scramble_2_3_3r	4.851	61.213
scramble_2_3_4r	4.837	62.301
scramble_2_3_5r	5.071	61.612
scramble_2_3_6r	5.951	62.535
scramble_2_3_7r	7.231	62.460
scramble_2_3_8r	7.409	63.837
scramble_2_3_9r	7.397	63.172
scramble_2_4_0r	5.819	50.455
scramble_2_4_10r	1.787	64.454
scramble_2_4_11r	1.789	64.653
scramble_2_4_12r	1.830	64.196
scramble_2_4_1r	4.313	54.216
scramble_2_4_2r	2.638	57.997
scramble_2_4_3r	1.743	62.984
scramble_2_4_4r	1.735	63.705
scramble_2_4_5r	1.762	64.141
scramble_2_4_6r	1.787	63.957
scramble_2_4_7r	1.756	64.284
scramble_2_4_8r	1.776	64.496
scramble_2_4_9r	1.777	63.846
scramble_2_5_0r	3.177	57.256
scramble_2_5_10r	1.602	86.099
scramble_2_5_11r	1.609	86.607
scramble_2_5_12r	1.609	86.576
scramble_2_5_1r	3.230	55.825
scramble_2_5_2r	1.693	62.098
scramble_2_5_3r	1.534	62.787
scramble_2_5_4r	1.549	73.366
scramble_2_5_5r	1.553	79.435
scramble_2_5_6r	1.623	82.533
scramble_2_5_7r	1.599	84.530
scramble_2_5_8r	1.599	85.419
scramble_2_5_9r	1.597	86.114
scramble_3_1_0r	3.066	62.371
scramble_3_1_10r	1.493	80.975
scramble_3_1_11r	1.485	80.380
scramble_3_1_12r	1.503	81.174
scramble_3_1_1r	4.305	59.347
scramble_3_1_2r	1.793	64.693
scramble_3_1_3r	1.601	75.883
scramble_3_1_4r	1.629	78.183
scramble_3_1_5r	1.478	79.272
scramble_3_1_6r	1.493	81.205
scramble_3_1_7r	1.497	80.834
scramble_3_1_8r	1.541	80.641
scramble_3_1_9r	1.476	81.731
scramble_3_2_0r	3.448	64.563
scramble_3_2_10r	1.479	81.392
scramble_3_2_11r	1.466	81.523
scramble_3_2_12r	1.484	80.797
scramble_3_2_1r	4.707	61.055
scramble_3_2_2r	2.155	57.028
scramble_3_2_3r	1.557	78.264
scramble_3_2_4r	1.495	77.031
scramble_3_2_5r	1.495	79.899
scramble_3_2_6r	1.480	81.322
scramble_3_2_7r	1.482	81.320
scramble_3_2_8r	1.505	81.167
scramble_3_2_9r	1.477	82.313
scramble_3_3_0r	2.598	58.051
scramble_3_3_10r	1.575	84.263
scramble_3_3_11r	1.600	84.065
scramble_3_3_12r	1.579	83.998
scramble_3_3_1r	1.590	78.704
scramble_3_3_2r	1.672	81.986
scramble_3_3_3r	1.696	84.262
scramble_3_3_4r	1.651	84.010
scramble_3_3_5r	1.657	83.989
scramble_3_3_6r	1.605	84.586
scramble_3_3_7r	1.646	84.101
scramble_3_3_8r	1.596	84.328
scramble_3_3_9r	1.624	84.943
scramble_3_4_0r	5.851	55.194
scramble_3_4_10r	1.655	85.548
scramble_3_4_11r	1.723	85.681
scramble_3_4_12r	1.656	85.795
scramble_3_4_1r	1.757	71.454
scramble_3_4_2r	1.790	83.388
scramble_3_4_3r	1.689	83.844
scramble_3_4_4r	1.649	84.994
scramble_3_4_5r	1.730	85.750
scramble_3_4_6r	1.662	85.539
scramble_3_4_7r	1.746	85.711
scramble_3_4_8r	1.659	85.803
scramble_3_4_9r	1.743	86.225
scramble_3_5_0r	3.406	56.955
scramble_3_5_10r	1.614	85.227
scramble_3_5_11r	1.630	85.082
scramble_3_5_12r	1.624	85.279
scramble_3_5_1r	3.558	61.084
scramble_3_5_2r	1.414	76.335
scramble_3_5_3r	1.566	82.392
scramble_3_5_4r	1.606	84.258
scramble_3_5_5r	1.619	84.691
scramble_3_5_6r	1.607	85.564
scramble_3_5_7r	1.609	85.396
scramble_3_5_8r	1.615	85.322
scramble_3_5_9r	1.626	86.009
scramble_4_1_0r	3.922	59.416
scramble_4_1_10r	3.968	64.130
scramble_4_1_11r	3.891	65.480
scramble_4_1_12r	3.862	64.767
scramble_4_1_1r	4.203	57.331
scramble_4_1_2r	4.138	56.683
scramble_4_1_3r	4.181	57.806
scramble_4_1_4r	3.926	58.843
scramble_4_1_5r	4.045	59.890
scramble_4_1_6r	3.899	61.114
scramble_4_1_7r	3.931	62.747
scramble_4_1_8r	3.975	63.507
scramble_4_1_9r	3.945	63.988
scramble_4_2_0r	4.432	56.202
scramble_4_2_10r	1.530	80.058
scramble_4_2_11r	1.581	81.297
scramble_4_2_12r	1.546	82.229
scramble_4_2_1r	5.002	59.001
scramble_4_2_2r	4.638	58.536
scramble_4_2_3r	5.193	59.448
scramble_4_2_4r	4.781	59.481
scramble_4_2_5r	4.261	60.261
scramble_4_2_6r	2.148	63.758
scramble_4_2_7r	1.847	62.317
scramble_4_2_8r	1.609	74.428
scramble_4_2_9r	1.633	75.547
scramble_4_3_0r	5.149	57.222
scramble_4_3_10r	1.420	80.971
scramble_4_3_11r	1.410	81.304
scramble_4_3_12r	1.415	80.971
scramble_4_3_1r	3.657	61.791
scramble_4_3_2r	2.204	64.844
scramble_4_3_3r	1.570	72.605
scramble_4_3_4r	1.493	76.177
scramble_4_3_5r	1.451	75.225
scramble_4_3_6r	1.593	79.036
scramble_4_3_7r	1.422	78.868
scramble_4_3_8r	1.452	79.602
scramble_4_3_9r	1.422	79.760
scramble_4_4_0r	4.644	53.422
scramble_4_4_10r	2.571	58.583
scramble_4_4_11r	2.684	59.631
scramble_4_4_12r	2.717	58.993
scramble_4_4_1r	5.673	52.175
scramble_4_4_2r	3.282	55.920
scramble_4_4_3r	2.622	58.609
scramble_4_4_4r	2.471	61.125
scramble_4_4_5r	2.479	59.647
scramble_4_4_6r	2.628	60.683
scramble_4_4_7r	2.446	60.565
scramble_4_4_8r	2.335	60.829
scramble_4_4_9r	2.606	58.901
scramble_4_5_0r	4.469	54.780
scramble_4_5_10r	2.389	63.161
scramble_4_5_11r	1.978	64.212
scramble_4_5_12r	2.032	62.319
scramble_4_5_1r	3.825	57.843
scramble_4_5_2r	3.640	57.106
scramble_4_5_3r	2.857	60.774
scramble_4_5_4r	3.605	60.864
scramble_4_5_5r	2.498	61.617
scramble_4_5_6r	2.338	61.701
scramble_4_5_7r	2.198	62.424
scramble_4_5_8r	2.162	63.676
scramble_4_5_9r	2.103	63.151
scramble_5_1_0r	2.866	60.211
scramble_5_1_10r	2.710	58.776
scramble_5_1_11r	3.718	58.231
scramble_5_1_12r	4.039	58.958
scramble_5_1_1r	2.573	57.336
scramble_5_1_2r	2.896	56.850
scramble_5_1_3r	2.721	57.086
scramble_5_1_4r	2.332	58.935
scramble_5_1_5r	2.334	58.528
scramble_5_1_6r	2.208	60.186
scramble_5_1_7r	2.510	58.305
scramble_5_1_8r	2.370	59.275
scramble_5_1_9r	2.761	58.118
scramble_5_2_0r	3.863	64.747
scramble_5_2_10r	3.007	55.986
scramble_5_2_11r	2.790	56.883
scramble_5_2_12r	2.498	58.029
scramble_5_2_1r	4.180	55.728
scramble_5_2_2r	4.501	55.237
scramble_5_2_3r	4.347	55.959
scramble_5_2_4r	4.316	56.248
scramble_5_2_5r	3.928	56.042
scramble_5_2_6r	3.370	56.593
scramble_5_2_7r	2.561	55.962
scramble_5_2_8r	3.019	56.717
scramble_5_2_9r	3.355	55.593
scramble_5_3_0r	3.758	61.933
scramble_5_3_10r	1.635	84.513
scramble_5_3_11r	1.648	84.654
scramble_5_3_12r	1.613	84.987
scramble_5_3_1r	1.780	78.995
scramble_5_3_2r	1.636	79.266
scramble_5_3_3r	1.692	83.329
scramble_5_3_4r	1.687	84.017
scramble_5_3_5r	1.682	84.051
scramble_5_3_6r	1.674	84.068
scramble_5_3_7r	1.679	84.244
scramble_5_3_8r	1.645	84.503
scramble_5_3_9r	1.655	84.531
scramble_5_4_0r	5.777	53.744
scramble_5_4_10r	1.688	85.553
scramble_5_4_11r	1.669	85.809
scramble_5_4_12r	1.688	86.024
scramble_5_4_1r	3.365	57.759
scramble_5_4_2r	1.845	63.784
scramble_5_4_3r	1.806	81.471
scramble_5_4_4r	1.644	80.755
scramble_5_4_5r	1.823	85.054
scramble_5_4_6r	1.688	84.274
scramble_5_4_7r	1.730	85.273
scramble_5_4_8r	1.695	85.684
scramble_5_4_9r	1.695	85.711
scramble_5_5_0r	3.887	62.280
scramble_5_5_10r	1.633	85.009
scramble_5_5_11r	1.637	85.163
scramble_5_5_12r	1.670	85.879
scramble_5_5_1r	3.328	57.159
scramble_5_5_2r	2.811	57.153
scramble_5_5_3r	2.185	60.637
scramble_5_5_4r	1.470	72.587
scramble_5_5_5r	1.630	77.824
scramble_5_5_6r	1.648	81.416
scramble_5_5_7r	1.613	83.106
scramble_5_5_8r	1.626	83.931
scramble_5_5_9r	1.616	84.803
scramble_6_1_0r	3.895	59.971
scramble_6_1_10r	4.058	61.013
scramble_6_1_11r	4.195	60.954
scramble_6_1_12r	4.035	59.384
scramble_6_1_1r	4.635	58.086
scramble_6_1_2r	4.861	58.394
scramble_6_1_3r	4.821	59.766
scramble_6_1_4r	4.884	61.158
scramble_6_1_5r	5.133	61.830
scramble_6_1_6r	2.453	60.116
scramble_6_1_7r	3.232	59.985
scramble_6_1_8r	4.004	60.811
scramble_6_1_9r	4.083	62.170
scramble_6_2_0r	4.961	61.332
scramble_6_2_10r	5.012	61.987
scramble_6_2_11r	4.931	61.040
scramble_6_2_12r	4.899	62.247
scramble_6_2_1r	4.929	59.276
scramble_6_2_2r	4.868	60.491
scramble_6_2_3r	5.064	59.915
scramble_6_2_4r	5.074	59.221
scramble_6_2_5r	5.168	61.352
scramble_6_2_6r	5.008	61.557
scramble_6_2_7r	5.038	62.627
scramble_6_2_8r	5.143	62.458
scramble_6_2_9r	5.257	62.227
scramble_6_3_0r	3.590	61.270
scramble_6_3_10r	5.175	64.886
scramble_6_3_11r	5.181	64.745
scramble_6_3_12r	5.169	64.490
scramble_6_3_1r	4.791	61.721
scramble_6_3_2r	4.921	62.847
scramble_6_3_3r	4.980	64.704
scramble_6_3_4r	4.977	65.773
scramble_6_3_5r	5.023	65.566
scramble_6_3_6r	5.008	65.595
scramble_6_3_7r	5.066	66.577
scramble_6_3_8r	5.098	65.032
scramble_6_3_9r	5.194	64.082
scramble_6_4_0r	4.869	52.335
scramble_6_4_10r	5.371	65.050
scramble_6_4_11r	5.675	65.662
scramble_6_4_12r	6.041	66.055
scramble_6_4_1r	4.875	57.567
scramble_6_4_2r	4.800	59.684
scramble_6_4_3r	4.793	60.837
scramble_6_4_4r	4.793	62.005
scramble_6_4_5r	4.819	62.637
scramble_6_4_6r	4.852	63.533
scramble_6_4_7r	4.907	64.765
scramble_6_4_8r	5.188	64.018
scramble_6_4_9r	5.335	63.968
scramble_6_5_0r	3.742	61.922
scramble_6_5_10r	10.320	60.325
scramble_6_5_11r	8.651	64.477
scramble_6_5_12r	9.245	62.604
scramble_6_5_1r	3.899	56.242
scramble_6_5_2r	3.606	58.484
scramble_6_5_3r	3.705	57.994
scramble_6_5_4r	3.168	58.938
scramble_6_5_5r	3.560	57.599
scramble_6_5_6r	4.325	59.287
scramble_6_5_7r	5.335	58.590
scramble_6_5_8r	6.705	61.366
scramble_6_5_9r	7.548	62.267
scramble_7_1_0r	4.549	57.815
scramble_7_1_10r	1.925	72.121
scramble_7_1_11r	2.000	73.522
scramble_7_1_12r	1.872	74.272
scramble_7_1_1r	4.395	58.893
scramble_7_1_2r	4.357	58.727
scramble_7_1_3r	4.236	60.975
scramble_7_1_4r	3.803	60.758
scramble_7_1_5r	3.743	62.454
scramble_7_1_6r	2.126	61.035
scramble_7_1_7r	2.039	67.447
scramble_7_1_8r	1.914	68.453
scramble_7_1_9r	2.018	69.880
scramble_7_2_0r	4.015	60.382
scramble_7_2_10r	1.828	67.898
scramble_7_2_11r	1.885	69.071
scramble_7_2_12r	1.835	68.449
scramble_7_2_1r	4.233	59.507
scramble_7_2_2r	4.585	58.444
scramble_7_2_3r	4.251	59.447
scramble_7_2_4r	4.027	57.781
scramble_7_2_5r	4.315	58.518
scramble_7_2_6r	4.160	57.628
scramble_7_2_7r	3.797	58.034
scramble_7_2_8r	1.690	60.730
scramble_7_2_9r	1.925	71.101
scramble_7_3_0r	3.818	58.343
scramble_7_3_10r	1.575	82.265
scramble_7_3_11r	1.540	81.862
scramble_7_3_12r	1.565	81.089
scramble_7_3_1r	2.073	63.991
scramble_7_3_2r	1.872	78.175
scramble_7_3_3r	1.574	81.038
scramble_7_3_4r	1.615	81.759
scramble_7_3_5r	1.533	81.731
scramble_7_3_6r	1.620	82.184
scramble_7_3_7r	1.553	81.851
scramble_7_3_8r	1.585	80.724
scramble_7_3_9r	1.554	81.609
scramble_7_4_0r	5.805	50.783
scramble_7_4_10r	1.673	83.796
scramble_7_4_11r	1.652	84.109
scramble_7_4_12r	1.655	84.410
scramble_7_4_1r	4.017	59.631
scramble_7_4_2r	3.658	61.288
scramble_7_4_3r	1.686	65.445
scramble_7_4_4r	1.583	74.477
scramble_7_4_5r	1.487	79.009
scramble_7_4_6r	1.845	83.564
scramble_7_4_7r	1.592	81.048
scramble_7_4_8r	1.735	81.752
scramble_7_4_9r	1.640	82.485
scramble_7_5_0r	3.614	57.824
scramble_7_5_10r	1.608	86.094
scramble_7_5_11r	1.598	85.872
scramble_7_5_12r	1.594	85.548
scramble_7_5_1r	4.120	59.195
scramble_7_5_2r	3.426	58.299
scramble_7_5_3r	1.740	60.213
scramble_7_5_4r	1.610	72.388
scramble_7_5_5r	1.595	82.080
scramble_7_5_6r	1.631	83.939
scramble_7_5_7r	1.593	85.609
scramble_7_5_8r	1.608	84.902
scramble_7_5_9r	1.607	85.971
scramble_8_1_0r	5.198	55.194
scramble_8_1_10r	3.933	58.002
scramble_8_1_11r	4.006	57.224
scramble_8_1_12r	3.969	57.197
scramble_8_1_1r	4.777	55.842
scramble_8_1_2r	4.701	56.149
scramble_8_1_3r	4.758	55.762
scramble_8_1_4r	4.924	57.525
scramble_8_1_5r	4.402	57.721
scramble_8_1_6r	4.263	58.218
scramble_8_1_7r	4.038	58.160
scramble_8_1_8r	3.997	57.173
scramble_8_1_9r	4.011	58.123
scramble_8_2_0r	5.749	54.243
scramble_8_2_10r	4.967	61.163
scramble_8_2_11r	5.132	61.167
scramble_8_2_12r	4.368	60.341
scramble_8_2_1r	4.980	58.151
scramble_8_2_2r	5.182	57.365
scramble_8_2_3r	4.808	57.318
scramble_8_2_4r	5.023	58.448
scramble_8_2_5r	5.134	59.834
scramble_8_2_6r	4.929	59.430
scramble_8_2_7r	5.157	60.199
scramble_8_2_8r	5.079	59.698
scramble_8_2_9r	5.135	61.014
scramble_8_3_0r	5.947	55.873
scramble_8_3_10r	1.612	84.889
scramble_8_3_11r	1.604	84.780
scramble_8_3_12r	1.596	84.578
scramble_8_3_1r	3.644	60.098
scramble_8_3_2r	1.603	77.986
scramble_8_3_3r	1.654	82.218
scramble_8_3_4r	1.650	82.800
scramble_8_3_5r	1.631	83.082
scramble_8_3_6r	1.644	83.741
scramble_8_3_7r	1.668	84.940
scramble_8_3_8r	1.630	84.283
scramble_8_3_9r	1.638	84.748
scramble_8_4_0r	5.944	58.717
scramble_8_4_10r	4.330	64.708
scramble_8_4_11r	4.349	65.189
scramble_8_4_12r	4.361	65.110
scramble_8_4_1r	3.427	56.384
scramble_8_4_2r	3.090	57.358
scramble_8_4_3r	2.941	57.037
scramble_8_4_4r	3.359	59.095
scramble_8_4_5r	3.704	59.424
scramble_8_4_6r	3.956	61.443
scramble_8_4_7r	3.903	61.849
scramble_8_4_8r	4.048	62.678
scramble_8_4_9r	4.142	64.137
scramble_8_5_0r	7.197	51.349
scramble_8_5_10r	3.649	62.521
scramble_8_5_11r	3.583	63.418
scramble_8_5_12r	3.681	62.415
scramble_8_5_1r	3.911	57.416
scramble_8_5_2r	3.711	57.794
scramble_8_5_3r	3.622	57.952
scramble_8_5_4r	3.485	58.949
scramble_8_5_5r	3.608	59.903
scramble_8_5_6r	3.677	60.922
scramble_8_5_7r	3.620	62.058
scramble_8_5_8r	3.699	61.999
scramble_8_5_9r	3.667	62.371
scramble_9_1_0r	3.481	63.233
scramble_9_1_10r	4.569	62.985
scramble_9_1_11r	1.748	68.473
scramble_9_1_12r	1.771	68.448
scramble_9_1_1r	4.427	57.023
scramble_9_1_2r	4.179	58.137
scramble_9_1_3r	4.377	58.925
scramble_9_1_4r	4.429	59.213
scramble_9_1_5r	4.363	58.843
scramble_9_1_6r	4.368	59.075
scramble_9_1_7r	4.633	60.977
scramble_9_1_8r	4.501	59.838
scramble_9_1_9r	4.532	61.684
scramble_9_2_0r	4.092	61.615
scramble_9_2_10r	1.905	77.554
scramble_9_2_11r	1.884	79.503
scramble_9_2_12r	1.927	79.733
scramble_9_2_1r	4.344	58.421
scramble_9_2_2r	4.294	56.212
scramble_9_2_3r	4.447	56.765
scramble_9_2_4r	5.080	57.021
scramble_9_2_5r	1.860	59.343
scramble_9_2_6r	1.873	65.892
scramble_9_2_7r	1.876	64.982
scramble_9_2_8r	1.937	71.166
scramble_9_2_9r	1.864	73.415
scramble_9_3_0r	4.976	58.976
scramble_9_3_10r	1.563	85.150
scramble_9_3_11r	1.557	84.802
scramble_9_3_12r	1.555	84.726
scramble_9_3_1r	3.367	61.890
scramble_9_3_2r	1.791	79.166
scramble_9_3_3r	1.566	78.513
scramble_9_3_4r	1.690	83.298
scramble_9_3_5r	1.596	83.003
scramble_9_3_6r	1.656	84.074
scramble_9_3_7r	1.625	84.970
scramble_9_3_8r	1.609	84.703
scramble_9_3_9r	1.596	85.139
scramble_9_4_0r	5.586	57.399
scramble_9_4_10r	1.666	83.553
scramble_9_4_11r	1.660	84.608
scramble_9_4_12r	1.674	84.808
scramble_9_4_1r	3.269	56.038
scramble_9_4_2r	2.771	57.275
scramble_9_4_3r	2.000	61.837
scramble_9_4_4r	1.654	67.117
scramble_9_4_5r	1.873	80.122
scramble_9_4_6r	1.691	79.263
scramble_9_4_7r	1.688	80.218
scramble_9_4_8r	1.710	80.756
scramble_9_4_9r	1.680	82.932
scramble_9_5_0r	3.769	59.523
scramble_9_5_10r	1.648	86.551
scramble_9_5_11r	1.657	87.240
scramble_9_5_12r	1.658	87.192
scramble_9_5_1r	3.561	57.198
scramble_9_5_2r	3.390	58.304
scramble_9_5_3r	3.413	58.289
scramble_9_5_4r	3.410	60.653
scramble_9_5_5r	1.762	64.218
scramble_9_5_6r	1.432	73.803
scramble_9_5_7r	1.647	77.694
scramble_9_5_8r	1.601	82.318
scramble_9_5_9r	1.665	85.639
